id,url,width,height
131,https://cdn2.thecatapi.com/images/131.jpg,500,500
155,https://cdn2.thecatapi.com/images/155.jpg,500,375
3qt,https://cdn2.thecatapi.com/images/3qt.gif,500,281
6mf,https://cdn2.thecatapi.com/images/6mf.jpg,436,529
ae4,https://cdn2.thecatapi.com/images/ae4.gif,430,242
d4v,https://cdn2.thecatapi.com/images/d4v.jpg,4672,3104
da1,https://cdn2.thecatapi.com/images/da1.jpg,500,593
e9d,https://cdn2.thecatapi.com/images/e9d.jpg,500,401
MTY2Mjg0MA,https://cdn2.thecatapi.com/images/MTY2Mjg0MA.jpg,500,319
MTg5Mzc3NQ,https://cdn2.thecatapi.com/images/MTg5Mzc3NQ.gif,320,240
