id,url
1,https://images.dog.ceo/breeds/rajapalayam-indian/Rajapalayam-dog.jpg
2,https://images.dog.ceo/breeds/mastiff-english/3.jpg
3,https://images.dog.ceo/breeds/mastiff-indian/Indian_Mastiff.jpg
4,https://images.dog.ceo/breeds/terrier-silky/n02097658_26.jpg
5,https://images.dog.ceo/breeds/australian-shepherd/pepper.jpg
6,https://images.dog.ceo/breeds/terrier-fox/n02095314_188.jpg
7,https://images.dog.ceo/breeds/waterdog-spanish/20190208_063211.jpg
8,https://images.dog.ceo/breeds/kelpie/n02105412_2631.jpg
9,https://images.dog.ceo/breeds/mexicanhairless/n02113978_2167.jpg
10,https://images.dog.ceo/breeds/hound-ibizan/n02091244_485.jpg
